date,fine_gold,standard_gold,silver
2075/01/02,58600,58300,750
2075/01/03,58800,58500,755
2075/01/04,58800,58500,755
2075/01/05,59000,58700,760
2075/01/06,59300,59000,780
2075/01/07,59200,58900,780
2075/01/09,59000,58700,780
2075/01/10,59000,58700,780
2075/01/11,58800,58500,765
2075/01/12,59000,58700,765
2075/01/13,59000,58700,765
2075/01/14,58700,58400,760
2075/01/16,58900,58600,760
2075/01/18,58500,58200,750
2075/01/19,58500,58200,755
2075/01/20,58300,58000,755
2075/01/21,58500,58200,755
2075/01/23,58700,58400,760
2075/01/24,59000,58700,765
2075/01/25,59000,58700,765
2075/01/26,59000,58700,765
2075/01/27,59100,58800,770
2075/01/28,59200,58900,775
2075/01/30,59300,59000,775
2075/01/31,59200,58900,775
2075/02/01,59200,58900,770
2075/02/02,58700,58400,765
2075/02/03,58400,58100,765
2075/02/04,58400,58100,765
2075/02/06,58700,58400,770
2075/02/07,58600,58300,770
2075/02/08,58600,58300,770
2075/02/09,58900,58600,775
2075/02/10,59000,58700,775
2075/02/11,59200,58900,780
2075/02/13,58900,58600,770
2075/02/14,58700,58400,770
2075/02/15,58700,58400,770
2075/02/16,58800,58500,765
2075/02/17,58600,58300,765
2075/02/18,58400,58100,765
2075/02/20,58000,57700,760
2075/02/21,58000,57700,760
2075/02/22,58000,57700,760
2075/02/23,58100,57800,765
2075/02/24,58200,57900,770
2075/02/25,58400,58100,775
2075/02/27,58600,58300,780
2075/02/28,58500,58200,785
2075/02/29,58500,58200,785
2075/02/30,58500,58200,785
2075/02/31,58600,58300,790
2075/03/01,59000,58700,800
2075/03/03,58500,58200,780
2075/03/04,58300,58000,775
2075/03/05,58400,58100,775
2075/03/06,58000,57700,765
2075/03/07,57700,57400,765
2075/03/08,57700,57400,765
2075/03/10,57700,57400,770
2075/03/11,57700,57400,770
2075/03/12,57700,57400,770
2075/03/13,57600,57300,765
2075/03/14,57800,57500,765
2075/03/15,57500,57200,765
2075/03/17,57500,57200,765
2075/03/18,57300,57000,760
2075/03/19,57200,56900,755
2075/03/20,57600,57300,760
2075/03/21,57800,57500,765
2075/03/22,57800,57500,760
2075/03/24,57800,57500,760
2075/03/25,57800,57500,760
2075/03/26,57900,57600,765
2075/03/27,57600,57300,760
2075/03/28,57200,56900,755
2075/03/29,57200,56900,755
2075/03/31,57000,56700,750
2075/03/32,57100,56800,750
2075/04/01,57000,56700,750
2075/04/02,56500,56200,745
2075/04/03,56500,56200,745
2075/04/04,56500,56200,740
2075/04/06,56800,56500,740
2075/04/07,56800,56500,740
2075/04/08,56600,56300,735
2075/04/09,56600,56300,735
2075/04/10,56700,56400,740
2075/04/11,56500,56200,740
2075/04/13,56500,56200,740
2075/04/14,56400,56100,740
2075/04/15,56300,56000,735
2075/04/16,56300,56000,735
2075/04/17,56000,55700,735
2075/04/18,56000,55700,735
2075/04/20,56000,55700,735
2075/04/21,56100,55800,735
2075/04/22,56100,55800,735
2075/04/23,56100,55800,735
2075/04/24,56100,55800,735
2075/04/25,56200,55900,735
2075/04/27,56200,55900,735
2075/04/28,56400,56100,740
2075/04/29,56100,55800,735
2075/04/30,56000,55700,730
2075/04/31,55600,55300,715
2075/05/01,55600,55300,720
2075/05/03,55800,55500,725
2075/05/04,55800,55500,725
2075/05/05,55800,55500,720
2075/05/06,56100,55800,720
2075/05/07,56000,55700,715
2075/05/08,56000,55700,715
2075/05/10,56600,56300,720
2075/05/11,56600,56300,720
2075/05/12,56800,56500,725
2075/05/13,56800,56500,725
2075/05/14,57000,56700,725
2075/05/15,57300,57000,725
2075/05/17,57300,57000,725
2075/05/18,57000,56700,720
2075/05/19,57200,56900,720
2075/05/20,57200,56900,710
2075/05/21,57600,57300,715
2075/05/22,57800,57500,710
2075/05/24,57800,57500,710
2075/05/25,57800,57500,710
2075/05/26,57900,57600,715
2075/05/27,58200,57900,715
2075/05/28,58200,57900,720
2075/05/29,58000,57700,715
2075/05/31,57600,57300,710
2075/06/01,58000,57700,715
2075/06/02,58000,57700,715
2075/06/03,58400,58100,720
2075/06/04,58400,58100,725
2075/06/05,58100,57800,720
2075/06/07,58100,57800,720
2075/06/08,58100,57800,720
2075/06/09,58400,58100,725
2075/06/10,58400,58100,730
2075/06/11,58100,57800,730
2075/06/12,57700,57400,725
2075/06/14,57800,57500,735
2075/06/15,57800,57500,735
2075/06/16,58100,57800,735
2075/06/17,59000,58700,750
2075/06/18,58900,58600,745
2075/06/19,58900,58600,745
2075/06/21,59200,58900,750
2075/06/22,59000,58700,740
2075/06/23,58900,58600,740
2075/06/24,59000,58700,740
2075/06/25,59300,59000,740
2075/06/26,60000,59700,745
2075/06/28,59800,59500,745
2075/06/29,60000,59700,750
2075/07/05,60000,59700,745
2075/07/06,60000,59700,745
2075/07/07,60100,59800,750
2075/07/08,60400,60100,750
2075/07/09,60200,59900,745
2075/07/11,60200,59900,745
2075/07/12,60300,60000,745
2075/07/13,60200,59900,740
2075/07/14,60000,59700,740
2075/07/15,59900,59600,735
2075/07/16,60000,59700,745
2075/07/18,60000,59700,745
2075/07/19,60000,59700,745
2075/07/20,60000,59700,745
2075/07/25,59000,58700,730
2075/07/26,58900,58600,725
2075/07/27,58500,58200,720
2075/07/28,58200,57900,715
2075/07/29,58400,58100,715
2075/07/30,58400,58100,715
2075/08/02,58700,58400,725
2075/08/03,58700,58400,725
2075/08/04,58300,58000,715
2075/08/05,58300,58000,715
2075/08/06,58400,58100,720
2075/08/07,58100,57800,715
2075/08/09,58000,57700,710
2075/08/10,57700,57400,705
2075/08/11,58000,57700,705
2075/08/12,57600,57300,700
2075/08/13,57500,57200,705
2075/08/14,57200,56900,700
2075/08/16,57200,56900,700
2075/08/17,57400,57100,700
2075/08/18,58300,58000,710
2075/08/19,58400,58100,715
2075/08/20,58700,58400,715
2075/08/21,58500,58200,715
2075/08/23,59000,58700,720
2075/08/24,59400,59100,725
2075/08/25,60000,59700,730
2075/08/26,59800,59500,730
2075/08/27,59500,59200,735
2075/08/28,59500,59200,735
2075/09/01,59500,59200,730
2075/09/02,59300,59000,725
2075/09/03,59400,59100,730.
2075/09/04,58800,58500,725
2075/09/05,58800,58500,720
2075/09/06,58800,58500,720
2075/09/08,58800,58500,720
2075/09/09,59200,58900,720
2075/09/10,59400,59100,720
2075/09/11,59400,59100,725
2075/09/12,59500,59200,735
2075/09/13,59700,59400,745
2075/09/15,59700,59400,745
2075/09/16,59700,59400,745
2075/09/17,59700,59400,745
2075/09/18,59600,59300,745
2075/09/19,60400,60100,760
2075/09/20,60300,60000,765
2075/09/22,59800,59500,755
2075/09/23,59800,59500,760
2075/09/24,59900,59600,755
2075/09/25,60100,59800,760
2075/09/26,60700,60400,765
2075/09/27,60700,60400,765
2075/09/29,60500,60200,760
2075/09/30,60600,60300,760
2075/10/01,61000,60700,765
2075/10/02,61000,60700,765
2075/10/03,61000,60700,765
2075/10/04,61000,60700,765
2075/10/06,60800,60500,755
2075/10/07,60900,60600,755
2075/10/08,60700,60400,750
2075/10/09,60900,60600,755
2075/10/10,60900,60600,755
2075/10/11,60600,60300,755
2075/10/13,61200,60900,765
2075/10/14,61400,61100,770
2075/10/15,61500,61200,770
2075/10/16,62200,61900,780
2075/10/17,62200,61900,780
2075/10/18,62300,62000,780
2075/10/20,62300,62000,780
2075/10/21,62500,62200,780
2075/10/22,62600,62300,785
2075/10/23,62400,62100,780
2075/10/24,62000,61700,775
2075/10/25,62100,61800,775
2075/10/27,62100,61800,775
2075/10/28,62000,61700,775
2075/10/29,61800,61500,770
2075/11/01,61600,61300,765
2075/11/02,61700,61400,765
2075/11/03,62100,61800,765
2075/11/05,62500,62200,775
2075/11/06,62700,62400,780
2075/11/07,62700,62400,780
2075/11/08,63300,63000,785
2075/11/09,63100,62800,785
2075/11/10,62600,62300,775
2075/11/12,62600,62300,775
2075/11/13,62700,62400,780
2075/11/14,62800,62500,780
2075/11/15,62600,62300,775
2075/11/16,62400,62100,775
2075/11/17,62000,61700,770
2075/11/19,61500,61200,760
2075/11/20,61500,61200,760
2075/11/21,61000,60700,750
2075/11/22,60700,60400,740
2075/11/23,60200,59900,735
2075/11/24,60200,59900,735
2075/11/26,60500,60200,745
2075/11/27,60500,60200,745
2075/11/28,60300,60000,745
2075/11/29,60600,60300,745
2075/11/30,60500,60200,745
2075/12/25,57900,57600,740
2075/12/01,60000,59700,735
2075/12/03,60000,59700,735
2075/12/04,59800,59500,730
2075/12/05,59700,59400,730
2075/12/07,60200,59900,740
2075/12/08,60000,59700,740
2075/12/10,60400,60100,740
2075/12/11,60600,60300,740
2075/12/12,60500,60200,740
2075/12/13,60400,60100,740
2075/12/14,60300,60000,735
2075/12/15,59700,59400,730
2075/12/17,59700,59400,730
2075/12/18,59700,59400,730
2075/12/19,59500,59200,725
2075/12/20,59500,59200,725
2075/12/21,59400,59100,725
2075/12/22,59500,59200,725
2075/12/24,59800,59500,725
2075/12/25,60000,59700,730
2075/12/26,60300,60000,740
2075/12/27,60100,59800,730
2075/12/28,60200,59900,730
2075/12/29,59600,59300,720
2076/01/02,59600,59300,720
2076/01/03,59600,59300,720
2076/01/04,59300,59000,725
2076/01/05,59100,58800,725
2076/01/06,59100,58800,725
2076/01/08,59100,58800,725
2076/01/09,59600,59300,730
2076/01/10,59300,59000,730
2076/01/11,59200,58900,720
2076/01/12,59600,59300,725
2076/01/13,59800,59500,730
2076/01/15,59800,59500,730
2076/01/16,59900,59600,730
2076/01/17,59700,59400,725
2076/01/18,59600,59300,725
2076/01/19,59300,59000,715
2076/01/20,59000,58700,710
2076/01/22,59100,58800,720
2076/01/23,59500,59200,720
2076/01/24,59500,59200,720
2076/01/25,59700,59400,725
2076/01/26,59700,59400,720
2076/01/27,60000,59700,720
2076/01/29,60000,59700,720
2076/01/30,60000,59700,720
2076/01/31,61000,60700,725
2076/02/01,60600,60300,725
2076/02/02,60700,60400,725
2076/02/03,60200,59900,715
2076/02/05,60000,59700,710
2076/02/06,59500,59200,705
2076/02/07,59500,59200,705
2076/02/08,59400,59100,705
2076/02/09,59200,58900,700
2076/02/10,59700,59400,710
2076/02/12,59700,59400,710
2076/02/13,59600,59300,710
2076/02/14,59600,59300,710
2076/02/15,59500,59200,700
2076/02/16,59500,59200,700
2076/02/17,61000,60700,705
2076/02/19,61500,61200,710
2076/02/20,61500,61200,710
2076/02/21,61700,61400,710
2076/02/22,62000,61700,715
2076/02/23,62300,62000,715
2076/02/24,62300,62000,715
2076/02/26,62600,62300,725
2076/02/27,62300,62000,715
2076/02/28,62300,62000,715
2076/02/29,62300,62000,715
2076/02/30,62400,62100,715
2076/02/31,63000,62700,720
2076/03/01,63000,62700,720
2076/03/02,63100,62800,720
2076/03/03,63000,62700,720
2076/03/04,63000,62700,720
2076/03/05,64000,63700,730
2076/03/06,65000,64700,740
2076/03/08,65000,64700,740
2076/03/09,65000,64700,740
2076/03/10,65500,65200,740
2076/03/11,65000,64700,735
2076/03/12,65000,64700,735
2076/03/13,65000,64700,730
2076/03/15,65000,64700,730
2076/03/16,64500,64200,730
2076/03/17,64500,64200,730
2076/03/18,65000,64700,735
2076/03/19,65000,64700,730
2076/03/20,65000,64700,730
2076/03/22,64500,64200,720
2076/03/23,64500,64200,720
2076/03/24,64500,64200,720
2076/03/25,64300,64000,720
2076/03/26,64700,64400,725
2076/03/27,64500,64200,725
2076/03/29,64500,64200,725
2076/03/30,64500,64200,725
2076/03/31,64500,64200,725
2076/04/01,64500,64200,745
2076/04/02,65000,64700,765
2076/04/03,65500,65200,770
2076/04/05,65000,64700,765
2076/04/06,65000,64700,765
2076/04/07,65000,64700,765
2076/04/08,65000,64700,775
2076/04/09,65000,64700,775
2076/04/10,65000,64700,775
2076/04/12,65000,64700,775
2076/04/13,65200,64900,775
2076/04/14,65200,64900,775
2076/04/15,65400,65100,780
2076/04/16,65000,64700,770
2076/04/17,65800,65500,770
2076/04/19,66300,66000,775
2076/04/20,67800,67500,795
2076/04/21,68000,67700,795
2076/04/22,69500,69200,810
2076/04/23,70000,69700,825
2076/04/24,70000,69700,825
2076/04/26,70000,69700,825
2076/04/27,70000,69700,825
2076/04/28,71000,70700,835
2076/04/29,70300,70000,820
2076/04/30,71500,71200,840
2076/04/31,71500,71200,840
2076/05/01,71000,70700,830
2076/05/02,71000,70700,830
2076/05/03,71000,70700,825
2076/05/04,71300,71000,830
2076/05/05,71300,71000,830
2076/05/06,71300,71000,830
2076/05/08,72500,72200,850
2076/05/09,73500,73200,860
2076/05/10,72600,72300,860
2076/05/11,72600,72300,880
2076/05/12,73400,73100,895
2076/05/13,72400,72100,885
2076/05/15,72000,71700,885
2076/05/16,72000,71700,885
2076/05/17,72500,72200,895
2076/05/18,73500,73200,940
2076/05/19,73400,73100,940
2076/05/20,72000,71700,900
2076/05/22,71500,71200,885
2076/05/23,71700,71400,880
2076/05/24,71000,70700,870
2076/05/25,71000,70700,880
2076/05/26,70800,70500,875
2076/05/27,70600,70300,870
2076/05/29,70200,69900,840
2076/05/30,71300,71000,865
2076/05/31,71300,71000,865
2076/06/01,71300,71000,870
2076/06/02,70700,70400,855
2076/06/03,71000,70700,860
2076/06/05,71300,71000,865
2076/06/06,71300,71000,875
2076/06/07,71400,71100,885
2076/06/08,72000,71700,890
2076/06/09,71000,70700,865
2076/06/10,70800,70500,860
2076/06/12,70200,69900,845
2076/06/13,70000,69700,840
2076/06/14,69200,68900,825
2076/06/15,69800,69500,835
2076/06/16,70900,70600,850
2076/06/17,70900,70600,850
2076/06/24,70400,70100,845
2076/06/26,70100,69800,845
2076/06/27,70000,69700,845
2076/06/28,70700,70400,860
2076/06/29,70600,70300,850
2076/06/30,70600,70300,845
2076/07/01,70600,70300,850
2076/07/03,70400,70100,850
2076/07/04,70400,70100,850
2076/07/05,70200,69900,850
2076/07/06,70400,70100,850
2076/07/07,70400,70100,850
2076/07/08,71000,70700,860
2076/07/14,70500,70200,860
2076/07/15,71200,70900,870
2076/07/17,71200,70900,870
2076/07/18,71000,70700,870
2076/07/19,70800,70500,865
2076/07/20,70200,69900,845
2076/07/21,70600,70300,850
2076/07/22,69900,69600,835
2076/07/24,71000,70700,840
2076/07/25,71200,70900,845
2076/07/26,71200,70900,845
2076/07/27,71400,71100,850
2076/07/28,72000,71700,860
2076/07/29,71800,71500,855
2076/08/01,71800,71500,855
2076/08/02,71600,71300,850
2076/08/03,72000,71700,860
2076/08/04,72100,71800,865
2076/08/05,72000,71700,860
2076/08/06,71700,71400,860
2076/08/08,71600,71300,855
2076/08/09,71600,71300,855
2076/08/10,71200,70900,850
2076/08/11,71200,70900,855
2076/08/12,71000,70700,850
2076/08/13,71300,71000,855
2076/08/15,71600,71300,855
2076/08/16,71400,71100,850
2076/08/17,71400,71100,850
2076/08/18,72200,71900,865
2076/08/19,72000,71700,850
2076/08/20,71700,71400,850
2076/08/22,71200,70900,840
2076/08/23,71000,70700,835
2076/08/24,70800,70500,830
2076/08/25,70800,70500,830
2076/08/26,71200,70900,840
2076/08/27,70800,70500,840
2076/08/29,71300,71000,845
2076/08/30,71300,71000,845
2076/09/01,71500,71200,850
2076/09/02,71600,71300,850
2076/09/03,71600,71300,850
2076/09/04,71600,71300,850
2076/09/06,71600,71300,855
2076/09/07,71900,71600,860
2076/09/08,72200,71900,875
2076/09/09,72800,72500,885
2076/09/10,72800,72500,890
2076/09/11,73300,73000,890
2076/09/13,73300,73000,885
2076/09/14,73300,73000,890
2076/09/15,73500,73200,900
2076/09/16,73500,73200,890
2076/09/17,73500,73200,890
2076/09/18,74500,74200,900
2076/09/20,75500,75200,900
2076/09/21,76000,75700,920
2076/09/22,75500,75200,900
2076/09/23,76500,76200,920
2076/09/24,75500,75200,900
2076/09/25,74600,74300,885
2076/09/27,75000,74700,890
2076/09/28,74800,74500,890
2076/09/29,74000,73700,880
2076/10/01,74700,74400,885
2076/10/02,74700,74400,885
2076/10/03,74800,74500,890
2076/10/05,75000,74700,890
2076/10/06,75000,74700,890
2076/10/07,75300,75000,895
2076/10/08,74800,74500,880
2076/10/09,75000,74700,885
2076/10/10,75200,74900,885
2076/10/12,75500,75200,895
2076/10/13,76000,75700,900
2076/10/14,76000,75700,895
2076/10/15,75600,75300,870
2076/10/16,76300,76000,880
2076/10/17,76000,75700,890
2076/10/19,76500,76200,895
2076/10/20,76500,76200,890
2076/10/21,76000,75700,880
2076/10/22,75200,74900,875
2076/10/23,75200,74900,875
2076/10/24,75600,75300,885
2076/10/26,76000,75700,880
2076/10/27,76000,75700,880
2076/10/28,75900,75600,880
2076/10/29,75700,75400,875
2076/11/01,76000,75700,880
2076/11/02,76000,75700,880
2076/11/04,76500,76200,885
2076/11/05,76500,76200,890
2076/11/06,76700,76400,890
2076/11/07,77100,76800,905
2076/11/08,77600,77300,915
2076/11/09,78100,77800,915
2076/11/11,78800,78500,920
2076/11/12,80300,80000,925
2076/11/13,80000,79700,925
2076/11/14,79500,79200,905
2076/11/15,79700,79400,900
2076/11/16,79200,78900,880
2076/11/18,78000,77700,860
2076/11/19,78000,77700,860
2076/11/20,78300,78000,860
2076/11/21,80500,80200,880
2076/11/22,80700,80400,880
2076/11/23,82500,82200,890
2076/11/25,82500,82200,890
2076/11/27,82700,82400,880
2076/11/28,82300,82000,880
2076/11/29,81500,81200,860
2076/11/30,78500,78200,820
2076/12/02,77000,76700,790
2076/12/03,77500,77200,790
2076/12/04,75500,75200,710
2076/12/05,76500,76200,710
2076/12/06,75000,74700,680
2076/12/07,75500,75200,700
2076/12/09,76500,76200,720
2076/12/10,77000,76700,720
2077/02/25,87400,86960,925
2077/02/26,87500,87065,930
2077/02/27,87700,87265,930
2077/02/28,88600,88160,935
2077/02/29,89600,89165,950
2077/02/30,89600,89165,935
2077/02/32,89600,89165,935
2077/03/01,89700,89265,925
2077/03/02,89700,89265,925
2077/03/03,89800,89365,930
2077/03/04,89800,89365,935
2077/03/05,89900,89460,930
2077/03/07,90600,90160,940
2077/03/08,91000,90565,950
2077/03/09,90600,90160,940
2077/03/10,91100,90665,945
2077/03/11,91100,90665,935
2077/03/12,90600,90160,940
2077/03/14,91300,90860,945
2077/03/15,91300,90860,945
2077/03/16,91200,90765,945
2077/03/17,91700,91265,960
2077/03/18,91000,90565,950
2077/03/19,90500,90065,940
2077/03/21,90500,90065,940
2077/03/22,90200,89760,940
2077/03/23,90900,90460,950
2077/03/24,91500,91060,955
2077/03/25,92400,91965,980
2077/03/26,92200,91760,980
2077/03/28,92100,91660,980
2077/03/29,92300,91865,990
2077/03/30,92200,91760,995
2077/03/31,92800,92360,1005
2077/04/01,92700,92260,1005
2077/04/02,92200,91760,995
2077/04/04,92500,92065,1005
2077/04/05,92300,91865,1000
2077/04/06,92700,92260,1040
2077/04/07,94000,93560,1135
2077/04/08,94500,94065,1145
2077/04/09,95800,95365,1150
2077/04/11,96300,95860,1155
2077/04/12,97500,97060,1210
2077/04/13,98200,97760,1245
2077/04/14,98500,98065,1225
2077/04/15,99000,98560,1225
2077/04/16,99300,98865,1200
2077/04/18,99600,99160,1230
2077/04/19,99600,99160,1230
2077/04/20,99800,99365,1230
2077/04/21,101400,100900,1295
2077/04/22,102500,102000,1345
2077/04/23,103500,103000,1405
2077/04/25,102600,102100,1410
2077/04/26,102400,101900,1395
2077/04/27,101600,101100,1435
2077/04/28,95400,94900,1210
2077/04/29,97800,97300,1295
2077/04/30,98600,98100,1355
2077/04/32,98400,97900,1325
2077/05/01,98200,97700,1315
2077/05/02,100400,99900,1380
2077/05/03,100400,99900,1375
2077/05/04,98800,98300,1360
2077/05/05,98800,98300,1370
2077/05/07,98400,97900,1345
2077/05/08,97900,97400,1320
2077/05/09,97200,96700,1320
2077/05/10,96800,96300,1310
2077/05/11,97600,97100,1345
2077/05/12,96900,96400,1340
2077/05/14,97200,96700,1340
2077/05/15,97500,97000,1365
2077/05/16,98400,97900,1395
2077/05/17,97200,96700,1365
2077/05/18,96500,96000,1345
2077/05/19,96400,95900,1310
2077/05/21,96100,95600,1320
2077/05/22,96100,95600,1320
2077/05/23,95800,95300,1310
2077/05/24,96400,95900,1315
2077/05/25,96800,96300,1325
2077/05/26,96500,96000,1310
2077/05/28,96500,96000,1310
2077/05/29,96900,96400,1320
2077/05/30,97500,97000,1340
2077/05/31,97500,97000,1340
2077/06/01,96600,96100,1320
2077/06/02,97000,96500,1330
2077/06/04,97000,96500,1315
2077/06/05,97200,96700,1320
2077/06/06,95500,95000,1230
2077/06/07,94300,93800,1190
2077/06/08,93100,92600,1120
2077/06/09,93900,93400,1160
2077/06/11,93300,92800,1150
2077/06/12,93300,92800,1150
2077/06/13,94200,93700,1175
2077/06/14,94700,94200,1190
2077/06/15,94500,94000,1175
2077/06/16,94300,93800,1175
2077/06/18,94500,94000,1180
2077/06/19,94100,93600,1180
2077/06/20,94900,94400,1200
2077/06/21,94100,93600,1175
2077/06/22,93900,93400,1180
2077/06/23,94800,94300,1195
2077/06/25,95600,95100,1235
2077/06/26,95600,95100,1245
2077/06/27,95100,94600,1225
2077/06/28,94500,94000,1205
2077/06/29,94500,94000,1200
2077/06/30,94900,94400,1200
2077/07/02,94700,94200,1200
2077/07/03,94700,94200,1200
2077/07/04,94700,94200,1210
2077/07/05,95500,95000,1240
2077/07/06,95700,95200,1230
2077/07/13,94700,94200,1180
2077/07/14,94500,94000,1180
2077/07/16,95000,94500,1195
2077/07/17,95000,94500,1205
2077/07/18,95400,94900,1210
2077/07/19,96300,95800,1205
2077/07/20,96200,95700,1210
2077/07/21,97200,96700,1255
2077/07/23,97700,97200,1275
2077/07/24,98200,97700,1285
2077/07/25,94800,94300,1215
2077/07/26,94900,94400,1220
2077/07/27,94700,94200,1220
2077/07/28,95200,94700,1220
2077/08/03,95100,94600,1230
2077/08/04,94400,93900,1215
2077/08/05,94000,93500,1210
2077/08/07,94300,93800,1210
2077/08/08,94300,93800,1210
2077/08/09,92500,92000,1180
2077/08/10,91500,91000,1175
2077/08/11,91500,91000,1175
2077/08/12,91300,90800,1165
2077/08/14,90700,90200,1150
2077/08/15,90000,89550,1120
2077/08/16,90500,90050,1155
2077/08/17,91000,90550,1185
2077/08/18,92600,92150,1205
2077/08/19,92900,92450,1210
2077/08/21,92700,92250,1210
2077/08/22,92600,92150,1205
2077/08/23,94100,93650,1235
2077/08/24,93400,92950,1215
2077/08/25,92500,92050,1200
2077/08/26,92500,92050,1200
2077/08/28,92500,92050,1200
2077/08/29,92400,91950,1200
2077/08/30,92300,91850,1200
2077/09/01,93100,92650,1230
2077/09/02,93500,93050,1255
2077/09/03,94300,93850,1280
2077/09/05,94300,93850,1280
2077/09/06,95200,94700,1320
2077/09/07,94900,94400,1315
2077/09/08,94000,93500,1265
2077/09/09,94100,93600,1280
2077/09/10,94200,93700,1280
2077/09/12,94200,93700,1280
2077/09/13,94900,94400,1315
2077/09/14,94100,93600,1300
2077/09/15,94200,93700,1305
2077/09/16,94100,93600,1300
2077/09/17,94500,94000,1300
2077/09/19,94500,94000,1300
2077/09/20,95300,94800,1325
2077/09/21,96400,95900,1335
2077/09/22,96700,96200,1340
2077/09/23,95400,94900,1330
2077/09/24,95300,94800,1330
2077/09/26,93000,92500,1270
2077/09/27,92200,91700,1230
2077/09/28,92800,92300,1250
2077/09/29,92900,92400,1260
2077/10/01,92100,91600,1245
2077/10/02,92500,92000,1260
2077/10/04,91800,91300,1230
2077/10/05,91600,91100,1230
2077/10/06,92000,91500,1245
2077/10/07,92500,92000,1260
2077/10/08,93100,92600,1275
2077/10/09,92900,92400,1260
2077/10/11,92600,92100,1260
2077/10/12,92400,91900,1260
2077/10/13,92800,92300,1255
2077/10/14,92100,91600,1250
2077/10/15,92000,91500,1245
2077/10/16,92000,91500,1285
2077/10/18,92100,91600,1320
2077/10/19,92600,92100,1400
2077/10/20,92600,92100,1380
2077/10/21,92000,91500,1320
2077/10/22,91100,90600,1300
2077/10/23,90000,89550,1290
2077/10/25,90600,90150,1310
2077/10/26,90400,89950,1315
2077/10/27,91900,91400,1340
2077/10/28,91900,91400,1340
2077/10/29,91500,91000,1315
2077/10/30,90900,90400,1320
2077/11/02,90800,90300,1335
2077/11/03,90700,90200,1340
2077/11/04,90900,90400,1360
2077/11/05,89800,89350,1340
2077/11/06,89200,88750,1335
2077/11/07,88200,87750,1305
2077/11/09,89000,88550,1330
2077/11/10,89000,88550,1335
2077/11/11,90100,89650,1360
2077/11/12,89800,89350,1345
2077/11/13,89300,88850,1355
2077/11/14,88800,88350,1335
2077/11/16,88300,87850,1325
2077/11/17,88700,88250,1330
2077/11/18,87000,86550,1290
2077/11/19,87500,87050,1315
2077/11/20,86500,86050,1285
2077/11/21,85600,85150,1250
2077/11/23,86100,85650,1250
2077/11/24,86200,85750,1265
2077/11/25,85600,85150,1255
2077/11/26,86200,85750,1270
2077/11/27,86800,86350,1285
2077/11/28,86200,85750,1270
2077/12/01,86600,86150,1270
2077/12/02,86600,86150,1275
2077/12/03,86600,86150,1280
2077/12/04,86900,86450,1270
2077/12/05,87200,86750,1290
2077/12/06,86700,86250,1275
2077/12/08,87200,86750,1280
2077/12/09,87000,86550,1260
2077/12/10,86700,86250,1250
2077/12/11,86700,86250,1240
2077/12/12,86900,86450,1230
2077/12/13,86300,85850,1230
2077/12/16,86500,86050,1225
2077/12/17,86000,85550,1215
2077/12/18,85600,85150,1195
2077/12/19,86500,86050,1210
2077/12/20,87400,86950,1240
2077/12/22,87400,86950,1240
2077/12/23,87200,86750,1235
2077/12/24,87500,87050,1235
2077/12/25,88000,87550,1245
2077/12/26,89000,88550,1260
2077/12/27,89900,89450,1280
2077/12/29,89500,89050,1275
2077/12/30,89600,89150,1275
2077/12/31,89500,89050,1260
2078/01/02,89800,89350,1290
2078/01/03,90500,90000,1300
2078/01/05,90700,90200,1300
2078/01/06,91000,90500,1300
2078/01/07,90700,90200,1300
2078/01/08,92000,91500,1310
2078/01/09,92200,91700,1335
2078/01/10,91700,91200,1320
2078/01/12,91300,90800,1310
2078/01/13,91300,90800,1310
2078/01/14,91200,90700,1315
2078/01/15,90500,90000,1305
2078/01/16,90800,90300,1315
2078/01/17,89900,89450,1295
2078/01/19,90000,89500,1295
2078/01/20,90400,89900,1300
2078/01/21,90600,90100,1325
2078/01/22,90300,89800,1320
2078/01/23,90600,90100,1315
2078/01/24,91700,91200,1350
2078/01/26,91800,91300,1345
2078/01/27,92000,91500,1360
2078/01/28,92300,91800,1345
2078/01/29,92000,91500,1345
2078/01/30,91600,91100,1335
2078/01/31,91600,91100,1330
2078/02/02,92500,92000,1350
2078/02/03,92800,92300,1355
2078/02/04,93400,92900,1390
2078/02/05,93300,92800,1370
2078/02/06,93700,93200,1360
2078/02/07,93300,92800,1350
2078/02/10,93700,93200,1350
2078/02/09,93600,93100,1345
2078/02/11,93500,93000,1350
2078/02/13,94200,93700,1350
2078/02/14,93800,93300,1350
2078/02/16,94000,93500,1355
2078/02/17,94200,93700,1360
2078/02/18,94500,94000,1370
2078/02/19,94500,94000,1360
2078/02/20,94900,94400,1375
2078/02/21,93400,92900,1340
2078/02/23,94100,93600,1355
2078/02/24,93800,93300,1350
2078/02/25,94100,93600,1355
2078/02/26,94200,93700,1350
2078/02/27,93900,93400,1355
2078/02/28,94500,94000,1370
2078/02/30,93900,93400,1370
2078/02/31,93200,92700,1365
2078/03/01,93200,92700,1355
2078/03/02,93100,92600,1360
2078/03/03,92000,91500,1340
2078/03/04,90800,90300,1305
2078/03/06,90000,89550,1290
2078/03/07,90400,89950,1295
2078/03/08,91000,90500,1300
2078/03/09,90700,90200,1295
2078/03/10,90500`,90000,1295
2078/03/11,90500,90000,1300
2078/03/13,90700,90200,1305
2078/03/14,90700,90200,1305
2078/03/15,90600,90100,1300
2078/03/16,90000,89550,1290
2078/03/17,90800,90300,1310
2078/03/18,91300,90800,1310
2078/03/20,91500,91000,1325
2078/03/21,91500,91000,1325
2078/03/22,91800,91300,1330
2078/03/23,92200,91700,1320
2078/03/24,92300,91800,1310
2078/03/25,92400,91900,1305
2078/03/27,92400,91900,1315
2078/03/28,92200,91700,1310
2078/03/29,92400,91900,1320
2078/03/30,92700,92200,1315
2078/03/31,93200,92700,1320
2078/03/14,97700,97200,1255
2078/04/01,93200,92700,1320
2078/04/03,92600,92100,1295
2078/04/04,92800,92300,1290
2078/04/05,93200,92700,1280
2078/04/06,92500,92000,1260
2078/04/07,91800,91300,1270
2078/04/08,92100,91600,1280
2078/04/10,92000,91500,1270
2078/04/11,92100,91600,1270
2078/04/12,91800,91300,1270
2078/04/13,92100,91600,1255
2078/04/14,92400,91900,1270
2078/04/15,92900,92400,1285
2078/04/17,92400,91900,1285
2078/04/18,92300,91800,1285
2078/04/19,92300,91800,1275
2078/04/20,92000,91500,1285
2078/04/21,92000,91500,1275
2078/04/22,91500,91000,1265
2078/04/24,90000,89550,1240
2078/04/25,89000,88550,1215
2078/04/26,89200,88750,1205
2078/04/27,88800,88350,1190
2078/04/28,89400,88950,1190
2078/04/29,89700,89250,1185
2078/04/31,90700,90200,1205
2078/04/32,90600,90100,1200
2078/05/01,91000,90500,1210
2078/05/02,91200,90700,1205
2078/05/03,90800,90300,1180
2078/05/04,91200,90700,1195
2078/05/06,90900,90400,1180
2078/05/07,91100,90600,1190
2078/05/08,91600,91100,1200
2078/05/09,91300,90800,1210
2078/05/10,91100,90600,1210
2078/05/11,91600,91100,1200
2078/05/13,91600,91100,1210
2078/05/14,91600,91100,1210
2078/05/15,91200,90700,1205
2078/05/16,91000,90500,1195
2078/05/17,90800,90300,1205
2078/05/18,90900,90400,1195
2078/05/20,91500,91000,1230
2078/05/21,91400,90900,1230
2078/05/22,91400,90900,1230
2078/05/23,90700,90200,1220
2078/05/24,90600,90100,1210
2078/05/25,90700,90200,1215
2078/05/27,90300,89800,1195
2078/05/28,90600,90100,1200
2078/05/29,90600,90100,1200
2078/05/30,91200,90700,1200
2078/05/31,90500,90000,1200
2078/06/01,89100,88650,1170
2078/06/03,89100,88650,1150
2078/06/04,88900,88450,1135
2078/06/05,89200,88750,1140
2078/06/06,90100,89650,1165
2078/06/07,89600,89150,1155
2078/06/08,89000,88550,1160
2078/06/10,89000,88550,1150
2078/06/11,89300,88850,1160
2078/06/12,89000,88550,1155
2078/06/13,88900,88450,1155
2078/06/14,88700,88250,1120
2078/06/15,89600,89150,1140
2078/06/17,89800,89350,1160
2078/06/18,89800,89350,1160
2078/06/19,90300,89850,1160
2078/06/20,89900,89450,1160
2078/06/21,90400,89950,1170
2078/06/22,90600,90150,1170
2078/06/24,90700,90250,1175
2078/06/25,90600,90150,1180
2078/07/01,91300,90800,1225
2078/07/03,91400,90900,1235
2078/07/04,91700,91200,1260
2078/07/05,91700,91200,1250
2078/07/07,92100,91600,1260
2078/07/08,92400,91900,1265
2078/07/09,92600,92100,1265
2078/07/10,92000,91500,1250
2078/07/11,92400,91900,1250
2078/07/12,92000,91500,1245
2078/07/14,91700,91200,1240
2078/07/15,91800,91300,1245
2078/07/16,92000,91500,1250
2078/07/17,91500,91000,1225
2078/07/18,91000,90500,1225
2078/07/22,92500,92000,1250
2078/07/23,92300,91800,1250
2078/07/24,92700,92200,1250
2078/07/25,94000,93500,1270
2078/07/26,94400,93900,1285
2078/07/28,94600,94100,1295
2078/07/29,94300,93800,1280
2078/07/30,94800,94300,1290
2078/08/01,94300,93800,1280
2078/08/02,94500,94000,1280
2078/08/03,94400,93900,1275
2078/08/05,93700,93200,1260
2078/08/06,93900,93400,1270
2078/08/07,92300,91800,1255
2078/08/08,91800,91300,1225
2078/08/09,91700,91200,1230
2078/08/10,91900,91400,1225
2078/08/12,92100,91600,1210
2078/08/13,92000,91500,1220
2078/08/14,91900,91400,1205
2078/08/15,91500,91000,1200
2078/08/16,91500,91000,1190
2078/08/17,91300,90800,1190
2078/08/19,92000,91500,1200
2078/08/20,92000,91500,1200
2078/08/21,91800,91300,1190
2078/08/22,92300,91800,1200
2078/08/23,92300,91800,1200
2078/08/24,92200,91700,1185
2078/08/26,92500,92000,1190
2078/08/27,92500,92000,1190
2078/08/28,92800,92300,1210
2078/08/29,92300,91800,1210
2078/09/01,93000,92500,1235
2078/09/02,94000,93500,1250
2078/09/04,93600,93100,1245
2078/09/05,93800,93300,1245
2078/09/06,93000,92500,1235
2078/09/07,92600,92100,1245
2078/09/08,93300,92800,1260
2078/09/09,93100,92600,1260
2078/09/11,93100,92600,1260
2078/09/12,93200,92700,1250
2078/09/13,93000,92500,1260
2078/09/14,92500,92000,1260
2078/09/15,92100,91600,1245
2078/09/16,92700,92200,1260
2078/09/18,93400,92900,1270
2078/09/19,93100,92600,1265
2078/09/20,92200,91700,1250
2078/09/21,92800,92300,1260
2078/09/22,92300,91800,1235
2078/09/23,91600,91100,1225
2078/09/25,91600,91100,1225
2078/09/26,91300,90800,1220
2078/09/27,91600,91100,1230
2078/09/28,92000,91500,1235
2078/09/29,92500,92000,1255
2078/09/30,92700,92200,1260
2078/10/02,92400,91900,1250
2078/10/03,92500,92000,1255
2078/10/04,92600,92100,1255
2078/10/05,92700,92200,1285
2078/10/06,93700,93200,1315
2078/10/07,93800,93300,1325
2078/10/09,93500,93000,1315
2078/10/10,93500,93000,1315
2078/10/11,94000,93500,1300
2078/10/12,94400,93900,1300
2078/10/13,93500,93000,1290
2078/10/14,92600,92100,1265
2078/10/16,92200,91700,1250
2078/10/17,91800,91300,1240
2078/10/18,91900,91400,1240
2078/10/19,92200,91700,1255
2078/10/20,92700,92200,1255
2078/10/21,92500,92000,1250
2078/10/23,92500,92000,1250
2078/10/24,92600,92100,1255
2078/10/25,93100,92600,1260
2078/10/26,93400,92900,1280
2078/10/27,93900,93400,1280
2078/10/28,94000,93500,1280
2078/11/01,95500,95000,1300
2078/11/02,95500,95000,1300
2078/11/03,96700,96200,1320
2078/11/04,95100,94600,1285
2078/11/05,96100,95600,1295
2078/11/06,96500,96000,1305
2078/11/08,96600,96100,1305
2078/11/09,96200,95700,1300
2078/11/10,97000,96500,1315
2078/11/11,96500,96000,1320
2078/11/12,99000,98500,1355
2078/11/13,98000,97500,1335
2078/11/15,96600,96100,1295
2078/11/16,98200,97700,1340
2078/11/17,97600,97100,1335
2078/11/18,99500,99000,1375
2078/11/19,99000,98500,1380
2078/11/20,99900,99400,1380
2078/11/22,101900,101400,1415
2078/11/23,103000,102500,1425
2078/11/24,103000,102500,1410
2078/11/25,105500,105000,1450
2078/11/26,102000,101500,1405
2078/11/27,102600,102100,1415
2078/11/29,102800,102300,1425
2078/11/30,102300,101800,1415
2078/12/01,100500,100000,1380
2078/12/02,99300,98800,1370
2078/12/03,99800,99300,1390
2078/12/04,99800,99300,1385
2078/12/06,99200,98700,1375
2078/12/07,99500,99000,1375
2078/12/08,100300,99800,1395
2078/12/09,99200,98700,1370
2078/12/10,100300,99800,1375
2078/12/11,100900,100400,1400
2078/12/13,100900,100400,1400
2078/12/14,100500,100000,1380
2078/12/15,99200,98700,1370
2078/12/16,98800,98300,1360
2078/12/17,98900,98400,1350
2078/12/18,99700,99200,1360
2078/12/20,99300,98800,1360
2078/12/21,98700,98200,1350
2078/12/22,98800,98300,1340
2078/12/23,98500,98000,1335
2078/12/24,99000,98500,1345
2078/12/25,99500,99000,1355
2078/12/27,100300,99800,1365
2078/12/28,100100,99600,1365
2078/12/29,100900,100400,1380
2078/12/30,101500,101000,1400
2079/01/01,101500,101000,1400
2079/01/02,102000,101500,1415
2079/01/04,102000,101500,1415
2079/01/05,102500,102000,1420
2079/01/06,102100,101600,1420
2079/01/07,100600,100100,1385
2079/01/08,100900,100400,1380
2079/01/09,100900,100400,1360
2079/01/11,100500,100000,1360
2079/01/12,100200,99700,1350
2079/01/13,99300,98800,1350
2079/01/14,99000,98500,1340
2079/01/15,98000,97500,1320
2079/01/16,99200,98700,1320
2079/01/18,99000,98500,1300
2079/01/19,98200,97700,1290
2079/01/20,97200,96700,1290
2079/01/21,97200,96700,1290
2079/01/22,98600,98100,1305
2079/01/23,98000,97500,1280
2079/01/25,98600,98100,1285
2079/01/26,98700,98200,1285
2079/01/27,98000,97500,1275
2079/01/28,97000,96500,1245
2079/01/29,97800,97300,1250
2079/02/01,96500,96000,1240
2079/02/03,96700,96200,1260
2079/02/04,95800,95300,1250
2079/02/05,96300,95800,1255
2079/02/06,97300,96800,1270
2079/02/08,98000,97500,1270
2079/02/09,98000,97500,1270
2079/02/10,98000,97500,1270
2079/02/11,98200,97700,1275
2079/02/12,97800,97300,1270
2079/02/13,98000,97500,1280
2079/02/15,98000,97500,1280
2079/02/16,98200,97700,1285
2079/02/17,98000,97500,1270
2079/02/18,97200,96700,1250
2079/02/19,97600,97100,1265
2079/02/20,98500,98000,1290
2079/02/22,97900,97400,1275
2079/02/23,98100,97600,1290
2079/02/24,97500,97000,1275
2079/02/25,97500,97000,1280
2079/02/26,98000,97500,1280
2079/02/27,97700,97200,1265
2079/02/29,99200,98700,1280
2079/02/30,98900,98400,1265
2079/02/31,97100,96600,1245
2079/03/01,96500,96000,1245
2079/03/02,97300,96800,1265
2079/03/03,97800,97300,1275
2079/03/05,97500,97000,1265
2079/03/06,97700,97200,1265
2079/03/07,97700,97200,1265
2079/03/08,97300,96800,1255
2079/03/09,97500,97000,1250
2079/03/10,97200,96700,1240
2079/03/12,97300,96800,1245
2079/03/13,97700,97200,1255
2079/03/15,97800,97300,1240
2079/03/16,97500,97000,1235
2079/03/17,97200,96700,1210
2079/03/19,97500,97000,1200
2079/03/20,97500,97000,1200
2079/03/21,97600,97100,1205
2079/03/22,96000,95500,1175
2079/03/24,94600,94100,1175
2079/03/23,94600,94100,1185
2079/03/26,94800,94300,1185
2079/03/27,94700,94200,1185
2079/03/28,94500,94000,1175
2079/03/29,94300,93800,1170
2079/03/30,94600,94100,1180
2079/03/31,93800,93300,1145
2079/04/01,93600,93100,1160
2079/04/02,94000,93500,1165
2079/04/03,93800,93300,1160
2079/04/04,94000,93500,1165
2079/04/05,93000,92500,1155
2079/04/06,94000,93500,1165
2079/04/09,94400,93900,1155
2079/04/08,94500,94000,1155
2079/04/10,94200,93700,1150
2079/04/11,94000,93500,1155
2079/04/12,94800,94300,1185
2079/04/13,95600,95100,1220
2079/04/15,95800,95300,1230
2079/04/16,95400,94900,1220
2079/04/17,95600,95100,1220
2079/04/18,95300,94800,1210
2079/04/19,96100,95600,1210
2079/04/20,96800,96300,1220
2079/04/22,96300,95800,1205
2079/04/23,96300,95800,1205
2079/04/24,96900,96400,1240
2079/04/25,97100,96600,1230
2079/04/26,96600,96100,1225
2079/04/27,97300,96800,1225
2079/04/29,97800,97300,1250
2079/04/30,97400,96900,1235
2079/04/31,96700,96200,1220
2079/05/01,96200,95700,1210
2079/05/02,95900,95400,1195
2079/05/03,95500,95000,1185
2079/05/05,95500,95000,1170
2079/05/06,95300,94800,1165
2079/05/07,95000,94500,1160
2079/05/08,95300,94800,1165
2079/05/09,95800,95300,1175
2079/05/10,95800,95300,1175
2079/05/12,95100,94600,1160
2079/05/13,94500,94000,1145
2079/05/14,94800,94300,1145
2079/05/15,94000,93500,1130
2079/05/16,93100,92600,1100
2079/05/17,93000,92500,1105
2079/05/19,93600,93100,1110
2079/05/20,93700,93200,1115
2079/05/21,94000,93500,1125
2079/05/22,93000,92500,1110
2079/05/23,93800,93300,1135
2079/05/24,93900,93400,1150
2079/05/26,93900,93400,1150
2079/05/27,93600,93100,1150
2079/05/28,93500,93000,1185
2079/05/29,92800,92300,1175
2079/05/30,92500,92000,1180
2079/05/31,91500,91000,1170
2079/06/02,91800,91300,1185
2079/06/03,91400,90900,1175
2079/06/04,91800,91300,1180
2079/06/05,91300,90800,1170
2079/06/06,91800,91300,1185
2079/06/07,92800,92300,1200
2079/06/09,91800,91300,1170
2079/06/10,91800,91300,1160
2079/06/11,91400,90900,1150
2079/06/12,91600,91100,1145
2079/06/13,92800,92300,1170
2079/06/14,93000,92500,1170
2079/06/23,96000,95500,1255
2079/06/24,95200,94700,1230
2079/06/25,94000,93500,1215
2079/06/26,94200,93700,1200
2079/06/27,94200,93700,1190
2079/06/28,94100,93600,1185
2079/06/30,93100,92600,1160
2079/06/31,93300,92800,1160
2079/07/01,93400,92900,1180
2079/07/02,93200,92700,1175
2079/07/03,93100,92600,1170
2079/07/04,92500,92000,1170
2079/07/05,94000,93500,1215
2079/07/06,94000,93500,1215
2079/07/07,94000,93500,1215
2079/07/13,93000,92500,1200
2079/07/14,93000,92500,1200
2079/07/15,93100,92600,1215
2079/07/16,93600,93100,1225
2079/07/17,93200,92700,1215
2079/07/18,93100,92600,1225
2079/07/20,94500,94000,1275
2079/07/21,94300,93800,1265
2079/07/22,94000,93500,1265
2079/07/23,95400,94900,1295
2079/07/24,95400,94900,1285
2079/07/25,96700,96200,1295
2079/07/27,97300,96800,1300
2079/07/28,97200,96700,1295
2079/07/29,98200,97700,1325
2079/07/30,98400,97900,1295
2079/08/01,98000,97500,1285
2079/08/02,98100,97600,1280
2079/08/05,97500,97000,1265
2079/08/06,97200,96700,1280
2079/08/07,96800,96300,1275
2079/08/08,97800,97300,1305
2079/08/09,97800,97300,1295
2079/08/11,97800,97300,1295
2079/08/12,97500,97000,1285
2079/08/13,97400,96900,1285
2079/08/14,97600,97100,1290
2079/08/15,98100,97600,1330
2079/08/16,99100,98600,1345
2079/08/18,99500,99000,1370
2079/08/19,99900,99400,1385
2079/08/20,99300,98800,1350
2079/08/21,99300,98800,1350
2079/08/22,99700,99200,1360
2079/08/23,100300,99800,1390
2079/08/25,100500,100000,1400
2079/08/26,100200,99700,1390
2079/08/27,100000,99500,1390
2079/08/28,101000,100500,1400
2079/08/29,100300,99800,1380
2079/09/01,99900,99400,1370
2079/09/03,100500,100000,1380
2079/09/04,100500,100000,1380
2079/09/05,100400,99900,1375
2079/09/06,101200,100700,1400
2079/09/07,101500,101000,1405
2079/09/08,100300,99800,1390
2079/09/10,100500,100000,1390
2079/09/11,100500,100000,1390
2079/09/12,100700,100200,1390
2079/09/13,101100,100600,1400
2079/09/14,100900,100400,1380
2079/09/15,101400,100900,1395
2079/09/17,101700,101200,1400
2079/09/18,101700,101200,1400
2079/09/19,102600,102100,1410
2079/09/20,102900,102400,1400
2079/09/21,103100,102600,1385
2079/09/22,102300,101800,1365
2079/09/24,103300,102800,1380
2079/09/25,103900,103400,1390
2079/09/26,103500,103000,1365
2079/09/27,103200,102700,1365
2079/09/28,103400,102900,1360
2079/09/29,103900,103400,1365
2079/10/01,105000,104500,1390
2079/10/02,105200,104700,1400
2079/10/03,105100,104600,1390
2079/10/04,104500,104000,1375
2079/10/05,104500,104000,1355
2079/10/06,105200,104700,1375
2079/10/08,105000,104500,1375
2079/10/09,105300,104800,1380
2079/10/10,106300,105800,1365
2079/10/11,106200,105700,1365
2079/10/12,106900,106400,1380
2079/10/13,105800,105300,1380
2079/10/15,106000,105500,1365
2079/10/16,106300,105800,1365
2079/10/17,105800,105300,1365
2079/10/18,106300,105800,1370
2079/10/19,107500,107000,1395
2079/10/20,106100,105600,1365
2079/10/22,104100,103600,1320
2079/10/23,104600,104100,1320
2079/10/24,104600,104100,1320
2079/10/25,104800,104300,1315
2079/10/26,104900,104400,1320
2079/10/27,103600,103100,1290
2079/10/29,104000,103500,1295
2079/11/01,104000,103500,1295
2079/11/02,103800,103300,1295
2079/11/03,103600,103100,1290
2079/11/04,103000,102500,1285
2079/11/05,102500,102000,1275
2079/11/07,103200,102700,1290
2079/11/08,103200,102700,1290
2079/11/09,103000,102500,1290
2079/11/10,103000,102500,1295
2079/11/11,102500,102000,1285
2079/11/12,102400,101900,1275
2079/11/14,102000,101500,1260
2079/11/15,101800,101300,1255
2079/11/16,101800,101300,1255
2079/11/17,102300,101800,1270
2079/11/18,102600,102100,1270
2079/11/19,102500,102000,1265
2079/11/21,102800,102300,1275
2079/11/23,102500,102000,1265
2079/11/24,101500,101000,1225
2079/11/25,101000,100500,1220
2079/11/26,101800,101300,1220
2079/11/28,103500,103000,1245
2079/11/29,104100,103600,1255
2079/11/30,105700,105200,1300
2079/12/01,105700,105200,1300
2079/12/02,106700,106200,1305
2079/12/03,107100,106600,1310
2079/12/05,110000,109500,1345
2079/12/06,109300,108800,1330
2079/12/07,109800,109300,1340
2079/12/08,107800,107300,1335
2079/12/09,109000,108500,1360
2079/12/10,109800,109300,1360
2079/12/12,109200,108700,1370
2079/12/13,109000,108500,1360
2079/12/14,108000,107500,1355
2079/12/15,108500,108000,1365
2079/12/16,108200,107700,1375
2079/12/17,109200,108700,1400
2079/12/19,108600,108100,1410
2079/12/20,108000,107500,1390
2079/12/21,109000,108500,1400
2079/12/22,111000,110450,1440
2079/12/23,110200,109650,1435
2079/12/24,110000,109500,1440
2079/12/26,110000,109500,1440
2079/12/27,109300,108800,1430
2079/12/28,109800,109300,1435
2079/12/29,110800,110250,1450
2079/12/30,110800,110250,1450
2080/01/03,110000,109500,1450
2080/01/04,110000,109500,1450
2080/01/05,110000,109500,1435
2080/01/06,110300,109750,1445
2080/01/07,109800,109300,1445
2080/01/08,110200,109650,1445
2080/01/10,109300,108800,1440
2080/01/11,109100,108600,1420
2080/01/12,109500,109000,1420
2080/01/13,109700,109200,1415
2080/01/14,109600,109100,1415
2080/01/15,109100,108600,1410
2080/01/17,109200,108700,1415
2080/01/18,109000,108500,1415
2080/01/19,108800,108300,1405
2080/01/20,110600,110050,1425
2080/01/21,111800,111250,1445
2080/01/24,110600,110050,1445
2080/01/25,110900,110350,1445
2080/01/26,111200,110650,1445
2080/01/27,111600,111050,1445
2080/01/28,111600,111050,1430
2080/01/29,110800,110250,1375
2080/01/31,110800,110250,1375
2080/02/01,111000,110450,1375
2080/02/02,111100,110550,1375
2080/02/03,110000,109500,1370
2080/02/04,109700,109200,1370
2080/02/05,109200,108700,1370
2080/02/07,110000,109500,1385
2080/02/08,110000,109500,1375
2080/02/09,109200,108700,1365
2080/02/10,109800,109300,1360
2080/02/11,108800,108300,1350
2080/02/12,108300,107800,1345
2080/02/14,108100,107600,1360
2080/02/15,108100,107600,1360
2080/02/16,110500,109950,1375
2080/02/17,112000,111450,1395
2080/02/18,112500,111950,1410
2080/02/19,113300,112750,1435
2080/02/21,111600,111050,1415
2080/02/22,111600,111050,1415
2080/02/23,112500,111950,1420
2080/02/24,112700,112150,1420
2080/02/25,111700,111150,1415
2080/02/26,112500,111950,1455
2080/02/28,112500,111950,1455
2080/02/29,112400,111850,1445
2080/02/30,112700,112150,1450
2080/02/31,111800,111250,1425
2080/02/32,111000,110450,1405
2080/03/01,111800,111250,1425
2080/03/03,112000,111450,1445
2080/03/04,112000,111450,1440
2080/03/05,111800,111250,1430
2080/03/06,111000,110450,1385
2080/03/07,110500,109950,1360
2080/03/08,109800,109300,1335
2080/03/10,110200,109650,1350
2080/03/11,110400,109850,1365
2080/03/12,110600,110050,1375
2080/03/13,110000,109500,1375
2080/03/14,109400,108900,1370
2080/03/15,109600,109100,1360
2080/03/17,110100,109550,1370
2080/03/18,110000,109500,1370
2080/03/19,110400,109850,1375
2080/03/20,110600,110050,1380
2080/03/21,110700,110150,1395
2080/03/22,110600,110050,1375
2080/03/24,111300,110750,1395
2080/03/25,111300,110750,1395
2080/03/26,111300,110750,1395
2080/03/27,111600,111050,1400
2080/03/28,112400,111850,1440
2080/03/29,112500,111950,1480
2080/03/31,112200,111650,1480
2080/04/01,112200,111650,1480
2080/04/02,112500,111950,1480
2080/04/03,113100,112550,1490
2080/04/04,113600,113050,1495
2080/04/05,112800,112250,1480
2080/04/07,112300,111750,1465
2080/04/08,112000,111450,1460
2080/04/09,112200,111650,1455
2080/04/10,112700,112150,1465
2080/04/11,113500,112950,1490
2080/04/12,112600,112050,1450
2080/04/14,112900,112350,1455
2080/04/15,112600,112050,1450
2080/04/16,113000,112450,1475
2080/04/17,112400,111850,1460
2080/04/18,112200,111650,1425
2080/04/19,112200,111650,1425
2080/04/21,112500,111950,1425
2080/04/22,112400,111850,1425
2080/04/23,112100,111550,1400
2080/04/24,112000,111450,1390
2080/04/25,111300,110750,1380
2080/04/26,111100,110550,1375
2080/04/28,111100,110550,1375
2080/04/29,111300,110750,1375
2080/04/30,111300,110750,1380
2080/04/31,111200,110650,1375
2080/04/32,110400,109850,1370
2080/05/01,110400,109850,1390
2080/05/03,110300,109750,1390
2080/05/04,110300,109750,1390
2080/05/05,110500,109950,1415
2080/05/06,110600,110050,1425
2080/05/07,111100,110550,1460
2080/05/08,111100,110550,1450
2080/05/10,111100,110550,1465
2080/05/11,111100,110550,1460
2080/05/12,111700,111150,1465
2080/05/13,112500,111950,1485
2080/05/14,112800,112250,1480
2080/05/15,112500,111950,1470
2080/05/17,112600,112050,1460
2080/05/18,113000,112450,1465
2080/05/19,112700,112150,1445
2080/05/20,112400,111850,1430
2080/05/21,112000,111450,1410
2080/05/22,112300,111750,1405
2080/05/24,111900,111350,1395
2080/05/25,112000,111450,1400
2080/05/26,112000,111450,1405
2080/05/27,111200,110650,1390
2080/05/28,111200,110650,1385
2080/05/29,111800,111250,1395
2080/05/31,112300,111750,1400
2080/06/01,112500,111950,1405
2080/06/02,113000,112450,1410
2080/06/03,112800,112250,1405
2080/06/04,112500,111950,1410
2080/06/05,112100,111550,1425
2080/06/07,112200,111650,1430
2080/06/08,112200,111650,1430
2080/06/09,111800,111250,1400
2080/06/10,111000,110450,1385
2080/06/11,109600,109100,1370
2080/06/12,108800,108300,1395
2080/06/14,108000,107500,1360
2080/06/15,107900,107400,1340
2080/06/16,106600,106100,1310
2080/06/17,106900,106400,1310
2080/06/18,107300,106800,1310
2080/06/19,107300,106800,1310
2080/06/21,107600,107100,1330
2080/06/22,108600,108100,1345
2080/06/23,108900,108400,1340
2080/06/24,108800,108300,1340
2080/06/25,109500,109000,1350
2080/06/26,110100,109550,1345
2080/06/27,113000,112450,1390
2080/06/28,113000,112450,1390
2080/06/29,112300,111750,1390
2080/06/30,111900,111350,1375
2080/07/01,113200,112650,1410
2080/07/02,113700,113150,1395
2080/07/03,115500,114950,1400
2080/07/10,116000,115450,1400
2080/07/11,117000,116450,1415
2080/07/12,117000,116450,1415
2080/07/13,116500,115950,1410
2080/07/14,116000,115450,1420
2080/07/15,115000,114450,1385
2080/07/16,115700,115150,1405
2080/07/17,115900,115350,1390
2080/07/19,115900,115350,1415
2080/07/20,115400,114850,1415
2080/07/21,115000,114450,1405
2080/07/22,114700,114150,1385
2080/07/23,113700,113150,1380
2080/07/24,114700,114150,1400
2080/07/26,113700,113150,1380
2080/07/27,113200,112650,1360
2080/08/01,115500,114950,1450
2080/08/03,115500,114950,1450
2080/08/04,115700,115150,1450
2080/08/05,116200,115650,1455
2080/08/06,116500,115950,1455
2080/08/07,116500,115950,1445
2080/08/08,116300,115750,1450
2080/08/10,116900,116350,1485
2080/08/11,117400,116850,1500
2080/08/12,117700,117150,1500
2080/08/13,119300,118750,1520
2080/08/14,119300,118750,1520
2080/08/15,119000,118450,1540
2080/08/17,120800,120200,1545
2080/08/18,121600,121000,1545
2080/08/19,119200,118650,1500
2080/08/20,118400,117850,1480
2080/08/21,118600,118050,1460
2080/08/22,118800,118250,1460
2080/08/24,117500,116950,1425
2080/08/25,117000,116450,1410
2080/08/26,116300,115750,1410
2080/08/27,116000,115450,1400
2080/08/28,118800,118250,1455
2080/08/29,119100,118550,1470
2080/09/01,117800,117250,1455
2080/09/02,117800,117250,1455
2080/09/03,118000,117450,1450
2080/09/04,119000,118450,1465
2080/09/05,119000,118450,1480
2080/09/06,119800,119250,1485
2080/09/08,119900,119350,1475
2080/09/09,119900,119350,1475
2080/09/10,120500,119900,1485
2080/09/11,120700,120100,1475
2080/09/12,122000,121400,1490
2080/09/13,120700,120100,1455
2080/09/15,120500,119900,1455
2080/09/16,120500,119900,1455
2080/09/17,121000,120400,1460
2080/09/18,120800,120200,1450
2080/09/19,119500,118950,1420
2080/09/20,119500,118950,1420
2080/09/22,119500,118950,1420
2080/09/23,118800,118250,1415
2080/09/24,118600,118050,1415
2080/09/25,118500,117950,1410
2080/09/26,118300,117750,1410
2080/09/27,118600,118050,1400
2080/09/29,119200,118650,1420
2080/10/01,119500,118950,1420
2080/10/02,119400,118850,1415
2080/10/03,118200,117650,1400
2080/10/04,117500,116950,1390
2080/10/05,118000,117450,1395
2080/10/07,118400,117850,1390
2080/10/08,118400,117850,1390
2080/10/09,118400,117850,1370
2080/10/10,118400,117850,1380
2080/10/11,118000,117450,1400
2080/10/12,118000,117450,1400
2080/10/14,118000,117450,1400
2080/10/15,118300,117750,1405
2080/10/16,118600,118050,1420
2080/10/17,118700,118150,1420
2080/10/18,119200,118650,1410
2080/10/19,119500,118950,1415
2080/10/21,118900,118350,1395
2080/10/22,118500,117950,1390
2080/10/23,118000,117450,1375
2080/10/24,118600,118050,1375
2080/10/25,118400,117850,1370
2080/10/26,118500,117950,1390
2080/10/28,118000,117450,1390
2080/10/29,118000,117450,1395
2080/11/01,117700,117150,1395
2080/11/02,116500,115950,1365
2080/11/03,116500,115950,1375
2080/11/04,117100,116550,1410
2080/11/06,117600,117050,1430
2080/11/07,118000,117450,1410
2080/11/08,118000,117450,1410
2080/11/09,118400,117850,1415
2080/11/10,118000,117450,1400
2080/11/11,118000,117450,1395
2080/11/13,118500,117950,1400
2080/11/14,118300,117750,1395
2080/11/15,118300,117750,1380
2080/11/16,118200,117650,1375
2080/11/17,118400,117850,1375
2080/11/18,119000,118450,1390
2080/11/20,121000,120400,1410
2080/11/21,121000,120400,1410
2080/11/22,123000,122400,1445
2080/11/23,123500,122900,1440
2080/11/24,125000,124400,1470
2080/11/25,125000,124400,1470
2080/11/27,126000,125400,1475
2080/11/28,126000,125400,1475
2080/11/29,126000,125400,1485
2080/11/30,125000,124400,1465
2080/12/01,125800,125200,1515
2080/12/02,125400,124800,1515
2080/12/04,125000,124400,1530
2080/12/05,124500,123900,1520
2080/12/06,125200,124600,1525
2080/12/07,125200,124600,1520
2080/12/08,127800,127200,1555
2080/12/09,126500,125900,1500
2080/12/12,126700,126100,1515
2080/12/13,126400,125800,1505
2080/12/14,126800,126200,1490
2080/12/15,127900,127300,1510
2080/12/16,130000,129400,1525
2080/12/18,130000,129400,1525
2080/12/19,131600,130950,1535
2080/12/20,131200,130550,1545
2080/12/21,133000,132350,1610
2080/12/22,134000,133350,1650
2080/12/23,132700,132050,1615
2080/12/25,135600,134950,1670
2080/12/26,136200,135550,1685
2080/12/27,136300,135650,1685
2080/12/28,136800,136150,1700
2080/12/29,136600,135950,1700
2080/12/30,139000,138350,1750
2081/01/02,136800,136150,1700
2081/01/03,137500,136850,1715
2081/01/04,139200,138550,1750
2081/01/05,139200,138550,1715
2081/01/06,138600,137950,1725
2081/01/07,139300,138650,1720
2081/01/09,139300,138650,1740
2081/01/10,138200,137550,1705
2081/01/11,135500,134850,1660
2081/01/12,136000,135350,1670
2081/01/13,135800,135150,1655
2081/01/14,137200,136550,1675
2081/01/16,137600,136950,1660
2081/01/17,137200,136550,1665
2081/01/18,137200,136550,1650
2081/01/19,134500,133850,1630
2081/01/20,136500,135850,1645
2081/01/21,135400,134750,1645
2081/01/23,135400,134750,1640
2081/01/24,135600,134950,1660
2081/01/25,136400,135750,1675
2081/01/26,136400,135750,1675
2081/01/27,135600,134950,1685
2081/01/28,137900,137250,1735
2081/01/30,138400,137750,1725
2081/01/31,138100,137450,1715
2081/02/01,137400,136750,1740
2081/02/02,138400,137750,1745
2081/02/03,140000,139300,1805
2081/02/04,139300,138650,1800
2081/02/06,140900,140200,1910
2081/02/07,141800,141100,1940
2081/02/08,140600,139900,1885
2081/02/09,140500,139800,1900
2081/02/10,138700,138050,1865
2081/02/11,136900,136250,1855
2081/02/13,136900,136250,1855
2081/02/14,137200,136550,1880
2081/02/15,137600,136950,1920
2081/02/16,138200,137550,1930
2081/02/17,140500,139800,1900
2081/02/18,142200,141500,1875
2081/02/20,142000,141300,1850
2081/02/21,141000,140300,1835
2081/02/22,142700,142000,1860
2081/02/23,142200,141500,1825
2081/02/24,144000,143300,1850
2081/02/25,145000,144300,1900
2081/02/27,141000,140300,1825
2081/02/28,141000,140300,1825
2081/02/29,141000,140300,1815
2081/02/30,141600,140900,1820
2081/02/31,141600,140900,1810
2081/02/32,141200,140500,1800
2081/03/02,142800,142100,1820
2081/03/03,142200,141500,1800
2081/03/04,142200,141500,1815
2081/03/05,142200,141500,1805
2081/03/06,142800,142100,1840
2081/03/07,144700,144000,1865
2081/03/09,142000,141300,1815
2081/03/10,142300,141600,1820
2081/03/11,142300,141600,1815
2081/03/12,141600,140900,1790
2081/03/13,140800,140100,1780
2081/03/14,141800,141100,1790
2081/03/16,142000,141300,1790
2081/03/17,142200,141500,1790
2081/03/18,142300,141600,1805
2081/03/19,142700,142000,1825
2081/03/20,144300,143600,1865
2081/03/21,144400,143700,1870
2081/03/23,145400,144700,1890
2081/03/24,145000,144300,1890
2081/03/25,144100,143400,1885
2081/03/26,144100,143400,1870
2081/03/27,144900,144200,1885
2081/03/28,146700,146000,1900
2081/03/30,146700,146000,1875
2081/03/31,146900,146200,1885
2081/04/01,147800,147100,1875
2081/04/02,149800,149100,1895
2081/04/03,149500,148800,1860
2081/04/04,147500,146800,1830
2081/04/06,146200,145500,1810
2081/04/07,146300,145600,1790
2081/04/08,146300,145600,1790
2081/04/09,147400,146700,1805
2081/04/10,145000,144300,1750
2081/04/11,144700,144000,1730
2081/04/13,145700,145000,1740
2081/04/14,146100,145400,1750
2081/04/16,147800,0,1780
2081/04/15,146000,0,1740
2081/04/17,149400,0,1800
2081/04/18,149900,0,1795
2081/04/20,149700,0,1785
2081/04/21,150000,0,1785
2081/04/22,147700,0,1725
2081/04/23,146300,0,1710
2081/04/24,146600,0,1690
2081/04/25,148100,0,1730
2081/04/27,148800,0,1720
2081/04/28,148700,0,1715
2081/04/29,150800,0,1740
2081/04/30,150500,0,1735
2081/04/31,150500,0,1740
2081/04/32,149600,0,1760
2081/05/02,152600,0,1810
2081/05/03,152300,0,1810
2081/05/04,152200,0,1820
2081/05/05,153000,0,1835
2081/05/06,151900,0,1830
2081/05/07,151400,0,1815
2081/05/09,152400,0,1850
2081/05/10,152300,0,1840
2081/05/11,152300,0,1850
2081/05/12,153100,0,1855
2081/05/13,153200,0,1830
2081/05/14,152900,0,1820
2081/05/16,152300,0,1795
2081/05/17,152000,0,1775
2081/05/18,152000,0,1775
2081/05/19,152000,0,1755
2081/05/20,152000,0,1765
2081/05/21,153300,0,1795
2081/05/23,152100,0,1750
2081/05/24,152200,0,1755
2081/05/25,152400,0,1765
2081/05/26,153400,0,1780
2081/05/27,153300,0,1795
2081/05/28,156300,0,1860
2081/05/30,156800,0,1900
2081/05/31,157300,0,1915
2081/06/01,156700,0,1905
2081/06/02,156400,0,1890
2081/06/03,155600,0,1880
2081/06/04,157100,0,1915
2081/06/06,158800,0,1920
2081/06/07,159200,0,1920
2081/06/08,159700,0,1915
2081/06/09,160400,0,1955
2081/06/10,160700,0,1955
2081/06/11,161200,0,1955
2081/06/13,160600,0,1945
2081/06/14,160500,0,1940
2081/06/15,160000,0,1925
2081/06/16,160800,0,1935
2081/06/17,160900,0,1950
2081/06/18,161300,0,1980
2081/06/20,161000,0,1985
2081/06/21,160500,0,1980
2081/06/22,160100,0,1940
2081/06/23,159100,0,1900
2081/06/29,160500,0,1925
2081/06/30,161800,0,1950
2081/07/01,162400,0,1950
2081/07/02,164400,0,1980
2081/07/04,165000,0,2075
2081/07/05,165600,0,2095
2081/07/06,165900,0,2100
2081/07/07,166700,0,2135
2081/07/08,166000,0,2095
2081/07/09,166000,0,2070
2081/07/11,167400,0,2085
2081/07/12,167000,0,2065
2081/07/13,168500,0,2105
2081/07/14,170700,0,2120
2081/07/15,171000,0,2090
2081/07/20,168200,0,2030
2081/07/21,168500,0,2015
2081/07/22,164500,0,1960
2081/07/23,166500,0,1980
2081/07/25,166000,0,1960
2081/07/26,165000,0,1955
2081/07/27,162600,0,1925
2081/07/28,162200,0,1940
2081/07/29,160000,0,1905
2081/07/30,160100,0,1910
2081/08/02,160000,0,1905
2081/08/03,161000,0,1920
2081/08/04,162100,0,1955
2081/08/05,163000,0,1950
2081/08/06,164000,0,1950
2081/08/07,165500,0,1940
2081/08/09,167200,0,1960
2081/08/10,151300,0,1845
2081/08/11,148700,0,1820
2081/08/12,149600,0,1830
